cUid,eUid,lpos,bpos
1651513,1-2194255,5.00,50
1702359,1-2194255,20.00,15
1702353,1-2194255,20.00,85
1702361,1-2194255,20.00,40
1469641,1-2194255,20.00,60
714676,1-2194255,60.00,15
1786101,1-2194255,60.00,85
1257380,1-2194255,40.00,35
1665097,1-2194255,40.00,65
1769065,1-2194255,60.00,50
1779867,1-2194255,80.00,50
1651513,1-2194271,5.00,50
1702361,1-2194271,20.00,70
1469641,1-2194271,20.00,50
1702353,1-2194271,20.00,30
714676,1-2194271,50.00,10
1786101,1-2194271,50.00,90
1665097,1-2194271,50.00,70
1702359,1-2194271,50.00,50
1257380,1-2194271,50.00,30
1779867,1-2194271,75.00,60
1720258,1-2194271,75.00,40
1651513,1-2194285,5.00,50
1702361,1-2194285,20.00,70
1469641,1-2194285,20.00,50
1702353,1-2194285,20.00,30
714676,1-2194285,50.00,10
1786101,1-2194285,50.00,90
1665097,1-2194285,50.00,70
1702359,1-2194285,50.00,50
1257380,1-2194285,50.00,30
1779867,1-2194285,75.00,60
1769065,1-2194285,75.00,40
1651513,1-2194181,5.00,50
1771521,1-2194181,20.00,15
1702353,1-2194181,20.00,85
1702361,1-2194181,20.00,40
1469641,1-2194181,20.00,60
714676,1-2194181,60.00,15
1786101,1-2194181,60.00,85
1257380,1-2194181,40.00,35
1665097,1-2194181,40.00,65
1720258,1-2194181,60.00,50
1779867,1-2194181,80.00,50
1651513,2-39201,5.00,50
1702359,2-39201,20.00,15
1702353,2-39201,20.00,85
1702361,2-39201,20.00,40
1469641,2-39201,20.00,60
1786101,2-39201,60.00,15
714676,2-39201,60.00,85
1702364,2-39201,40.00,35
1257380,2-39201,40.00,65
1769065,2-39201,60.00,50
830570,2-39201,80.00,50
1651513,2-38112,5.00,50
1771521,2-38112,20.00,15
1702353,2-38112,20.00,85
1702361,2-38112,20.00,40
1469641,2-38112,20.00,60
714676,2-38112,60.00,15
1786101,2-38112,60.00,85
1257380,2-38112,40.00,35
1665097,2-38112,40.00,65
1769065,2-38112,60.00,50
1779867,2-38112,80.00,50
1651513,2-37142,5.00,50
1702345,2-37142,20.00,15
1702353,2-37142,20.00,85
1771521,2-37142,20.00,40
1702359,2-37142,20.00,60
1715485,2-37142,60.00,15
1665413,2-37142,60.00,85
1665097,2-37142,40.00,35
1257380,2-37142,40.00,65
1720258,2-37142,60.00,50
830570,2-37142,80.00,50
1651513,1-2194235,5.00,50
1771521,1-2194235,20.00,15
1702353,1-2194235,20.00,85
1702361,1-2194235,20.00,40
1469641,1-2194235,20.00,60
714676,1-2194235,60.00,15
1769065,1-2194235,60.00,85
1665097,1-2194235,40.00,35
1257380,1-2194235,40.00,65
1720258,1-2194235,60.00,50
1779867,1-2194235,80.00,50
1651513,1-2194132,5.00,50
1702345,1-2194132,25.00,10
1702353,1-2194132,25.00,90
1702359,1-2194132,25.00,65
1469641,1-2194132,25.00,35
1665097,1-2194132,50.00,20
1257380,1-2194132,50.00,50
1715485,1-2194132,50.00,80
714676,1-2194132,70.00,35
1769065,1-2194132,70.00,65
830570,1-2194132,90.00,50
1651513,1-2194200,5.00,50
1702345,1-2194200,25.00,10
1702353,1-2194200,25.00,90
1702359,1-2194200,25.00,65
1469641,1-2194200,25.00,35
1665097,1-2194200,50.00,20
1257380,1-2194200,50.00,50
1769065,1-2194200,50.00,80
714676,1-2194200,70.00,35
1720258,1-2194200,70.00,65
830570,1-2194200,90.00,50
1651513,1-2194187,5.00,50
1702361,1-2194187,20.00,15
1702345,1-2194187,20.00,85
1769065,1-2194187,80.00,25
1702359,1-2194187,20.00,62.5
1469641,1-2194187,20.00,37.5
1257380,1-2194187,50.00,25
714527,1-2194187,50.00,50
714676,1-2194187,80.00,75
1715485,1-2194187,50.00,75
830570,1-2194187,80.00,50
1651513,1-2194164,5.00,50
1702359,1-2194164,25.00,10
1702345,1-2194164,25.00,90
1702361,1-2194164,25.00,65
1469641,1-2194164,25.00,35
1665097,1-2194164,50.00,20
714527,1-2194164,50.00,50
1715485,1-2194164,50.00,80
1665413,1-2194164,70.00,35
714676,1-2194164,70.00,65
830570,1-2194164,90.00,50
1651513,2-36812,5.00,50
1702345,2-36812,20.00,15
1702353,2-36812,20.00,85
714676,2-36812,80.00,25
1702359,2-36812,20.00,62.5
1469641,2-36812,20.00,37.5
1665097,2-36812,50.00,25
1702361,2-36812,50.00,50
1665413,2-36812,80.00,75
1715485,2-36812,50.00,75
1720258,2-36812,80.00,50
1651513,2-35421,5.00,50
1702345,2-35421,25.00,10
1702353,2-35421,25.00,90
1469641,2-35421,25.00,65
1702359,2-35421,25.00,35
1257380,2-35421,50.00,20
1702364,2-35421,50.00,50
1715485,2-35421,50.00,80
714676,2-35421,70.00,35
1665413,2-35421,70.00,65
1748040,2-35421,90.00,50
1651513,2-36356,5.00,50
1702345,2-36356,25.00,10
1702353,2-36356,25.00,90
1702361,2-36356,25.00,65
1702359,2-36356,25.00,35
1702364,2-36356,50.00,20
1257380,2-36356,50.00,50
1665097,2-36356,50.00,80
1665413,2-36356,70.00,35
1715485,2-36356,70.00,65
1720258,2-36356,90.00,50
1651513,1-2194115,5.00,50
1702345,1-2194115,20.00,15
1702353,1-2194115,20.00,85
1702364,1-2194115,50.00,65
1702361,1-2194115,20.00,60
1702359,1-2194115,20.00,40
1665413,1-2194115,50.00,10
1665097,1-2194115,50.00,35
1715485,1-2194115,65.00,50
1720258,1-2194115,80.00,50
714676,1-2194115,50.00,90
1651513,1-2194144,5.00,50
1702359,1-2194144,20.00,15
1702353,1-2194144,20.00,85
1715485,1-2194144,80.00,25
1702361,1-2194144,20.00,62.5
1469641,1-2194144,20.00,37.5
1665097,1-2194144,50.00,25
1257380,1-2194144,50.00,50
1720258,1-2194144,80.00,75
1665413,1-2194144,50.00,75
1748040,1-2194144,80.00,50
1651513,1-2194091,5.00,50
1469641,1-2194091,20.00,20
1702353,1-2194091,20.00,80
1702361,1-2194091,20.00,40
1702359,1-2194091,20.00,60
1702364,1-2194091,40.00,50
714676,1-2194091,55.00,20
1257380,1-2194091,55.00,80
1665097,1-2194091,55.00,50
1720258,1-2194091,75.00,70
830570,1-2194091,75.00,30
1651513,1-2194106,5.00,50
1702345,1-2194106,20.00,20
1702353,1-2194106,20.00,80
1702359,1-2194106,20.00,40
1702361,1-2194106,20.00,60
1702364,1-2194106,40.00,50
1715485,1-2194106,55.00,20
714676,1-2194106,55.00,80
1665097,1-2194106,55.00,50
1720258,1-2194106,75.00,70
830570,1-2194106,75.00,30
1651513,1-2194082,5.00,50
1702345,1-2194082,20.00,20
1702353,1-2194082,20.00,80
1702361,1-2194082,20.00,40
1702359,1-2194082,20.00,60
1702364,1-2194082,40.00,50
714676,1-2194082,55.00,20
1257380,1-2194082,55.00,80
1665097,1-2194082,55.00,50
1720258,1-2194082,75.00,70
830570,1-2194082,75.00,30
1651513,1-2194067,5.00,50
1702345,1-2194067,20.00,20
1702353,1-2194067,20.00,80
1702361,1-2194067,20.00,40
1469641,1-2194067,20.00,60
1702364,1-2194067,40.00,50
714676,1-2194067,55.00,20
1257380,1-2194067,55.00,80
1665097,1-2194067,55.00,50
1720258,1-2194067,75.00,70
830570,1-2194067,75.00,30
1651513,1-2194041,5.00,50
1702345,1-2194041,20.00,20
1702353,1-2194041,20.00,80
1702361,1-2194041,20.00,40
1469641,1-2194041,20.00,60
1702364,1-2194041,40.00,50
1715485,1-2194041,55.00,20
714676,1-2194041,55.00,80
1665097,1-2194041,55.00,50
1720258,1-2194041,75.00,70
830570,1-2194041,75.00,30
1651513,1-2194056,5.00,50
1702345,1-2194056,25.00,10
1702353,1-2194056,25.00,90
1469641,1-2194056,25.00,65
1702361,1-2194056,25.00,35
1665097,1-2194056,50.00,20
1702364,1-2194056,50.00,50
1257380,1-2194056,50.00,80
714676,1-2194056,70.00,35
1720258,1-2194056,70.00,65
830570,1-2194056,90.00,50
1651513,2-31750,5.00,50
1497388,2-31750,20.00,15
1587268,2-31750,20.00,85
714676,2-31750,80.00,25
1469641,2-31750,20.00,62.5
714677,2-31750,20.00,37.5
1309920,2-31750,50.00,25
1414981,2-31750,50.00,50
1665413,2-31750,80.00,75
1257380,2-31750,50.00,75
1665086,2-31750,80.00,50
1651513,2-31744,5.00,50
1497388,2-31744,20.00,15
1587268,2-31744,20.00,85
714676,2-31744,80.00,25
1469641,2-31744,20.00,62.5
714677,2-31744,20.00,37.5
1309920,2-31744,50.00,25
1665097,2-31744,50.00,50
1665413,2-31744,80.00,75
1257380,2-31744,50.00,75
1665086,2-31744,80.00,50
1651513,1-1607670,5.00,50
1497388,1-1607670,20.00,15
1587268,1-1607670,20.00,85
714676,1-1607670,80.00,25
1469641,1-1607670,20.00,62.5
714677,1-1607670,20.00,37.5
1414981,1-1607670,50.00,25
714527,1-1607670,50.00,50
1665413,1-1607670,80.00,75
1257380,1-1607670,50.00,75
1665086,1-1607670,80.00,50
1651513,1-1607541,5.00,50
1497388,1-1607541,20.00,15
1587268,1-1607541,20.00,85
714676,1-1607541,80.00,25
1469641,1-1607541,20.00,62.5
714677,1-1607541,20.00,37.5
1414981,1-1607541,50.00,25
1257380,1-1607541,50.00,50
,1-1607541,80.00,75
1665413,1-1607541,50.00,75
1525939,1-1607541,80.00,50
1651513,1-1607651,5.00,50
1497388,1-1607651,20.00,15
1587268,1-1607651,20.00,85
714676,1-1607651,80.00,25
1469641,1-1607651,20.00,62.5
714677,1-1607651,20.00,37.5
1414981,1-1607651,50.00,25
714527,1-1607651,50.00,50
1665413,1-1607651,80.00,75
1257380,1-1607651,50.00,75
1665086,1-1607651,80.00,50
1651513,1-1607644,5.00,50
,1-1607644,20.00,15
1587268,1-1607644,20.00,85
1665413,1-1607644,80.00,25
1497388,1-1607644,20.00,62.5
714677,1-1607644,20.00,37.5
1414981,1-1607644,50.00,25
714527,1-1607644,50.00,50
714676,1-1607644,80.00,75
1309920,1-1607644,50.00,75
,1-1607644,80.00,50
1651513,1-1607627,5.00,50
1497388,1-1607627,20.00,15
1587268,1-1607627,20.00,85
1665413,1-1607627,80.00,25
714677,1-1607627,20.00,62.5
1469641,1-1607627,20.00,37.5
1414981,1-1607627,50.00,25
714527,1-1607627,50.00,50
714676,1-1607627,80.00,75
1309920,1-1607627,50.00,75
1665086,1-1607627,80.00,50
1651513,1-1607616,5.00,50
1497388,1-1607616,20.00,15
1587268,1-1607616,20.00,85
714676,1-1607616,80.00,25
714677,1-1607616,20.00,62.5
1469641,1-1607616,20.00,37.5
1414981,1-1607616,50.00,25
714527,1-1607616,50.00,50
1309920,1-1607616,80.00,75
1665413,1-1607616,50.00,75
1665086,1-1607616,80.00,50
1651513,2-33247,5.00,50
1497388,2-33247,20.00,15
1587268,2-33247,20.00,85
1525939,2-33247,80.00,25
,2-33247,20.00,62.5
1469641,2-33247,20.00,37.5
1414981,2-33247,50.00,25
1497381,2-33247,50.00,50
,2-33247,80.00,75
1309920,2-33247,50.00,75
1618035,2-33247,80.00,50
1651513,1-1607603,5.00,50
1309920,1-1607603,20.00,15
1587268,1-1607603,20.00,85
714676,1-1607603,80.00,25
1469641,1-1607603,20.00,62.5
714677,1-1607603,20.00,37.5
1414981,1-1607603,50.00,25
1257380,1-1607603,50.00,50
1665413,1-1607603,80.00,75
714527,1-1607603,50.00,75
1665086,1-1607603,80.00,50
1651513,1-1607592,5.00,50
,1-1607592,20.00,15
1587268,1-1607592,20.00,85
1525939,1-1607592,80.00,25
714677,1-1607592,20.00,62.5
1469641,1-1607592,20.00,37.5
1414981,1-1607592,50.00,25
714527,1-1607592,50.00,50
714676,1-1607592,80.00,75
1257380,1-1607592,50.00,75
1257382,1-1607592,80.00,50
1651513,1-1607485,5.00,50
1497388,1-1607485,20.00,15
1587268,1-1607485,20.00,85
714676,1-1607485,80.00,25
,1-1607485,20.00,62.5
1469641,1-1607485,20.00,37.5
1257380,1-1607485,50.00,25
714527,1-1607485,50.00,50
1525939,1-1607485,80.00,75
1414981,1-1607485,50.00,75
1257382,1-1607485,80.00,50
1651513,1-1607577,5.00,50
1309920,1-1607577,20.00,15
1587268,1-1607577,20.00,85
1257382,1-1607577,80.00,25
1497388,1-1607577,20.00,62.5
1469641,1-1607577,20.00,37.5
1497381,1-1607577,50.00,25
1257380,1-1607577,50.00,50
714676,1-1607577,80.00,75
1414981,1-1607577,50.00,75
1618035,1-1607577,80.00,50
1651513,1-1607575,5.00,50
1497388,1-1607575,20.00,15
1309920,1-1607575,20.00,85
1469641,1-1607575,20.00,40
,1-1607575,20.00,60
714676,1-1607575,60.00,15
1525939,1-1607575,60.00,85
1257380,1-1607575,40.00,35
1637624,1-1607575,40.00,65
1257382,1-1607575,60.00,50
1618035,1-1607575,80.00,50
1651513,1-1607557,5.00,50
,1-1607557,20.00,15
1309920,1-1607557,20.00,85
1469641,1-1607557,20.00,40
1497388,1-1607557,20.00,60
714676,1-1607557,60.00,15
,1-1607557,60.00,85
1257380,1-1607557,40.00,35
1497381,1-1607557,40.00,65
1414979,1-1607557,60.00,50
1618035,1-1607557,80.00,50
1651513,2-32419,5.00,50
1309920,2-32419,20.00,15
1414979,2-32419,20.00,85
1469641,2-32419,20.00,40
,2-32419,20.00,60
1637624,2-32419,60.00,15
,2-32419,60.00,85
714527,2-32419,40.00,35
1414981,2-32419,40.00,65
1178000,2-32419,60.00,50
1257382,2-32419,80.00,50
714525,1-1607427,5.00,50
1497388,1-1607427,20.00,15
1587268,1-1607427,20.00,85
,1-1607427,20.00,40
1469641,1-1607427,20.00,60
714676,1-1607427,60.00,15
1414979,1-1607427,60.00,85
1414981,1-1607427,40.00,35
1497381,1-1607427,40.00,65
1525939,1-1607427,60.00,50
1497383,1-1607427,80.00,50
714525,1-1607533,5.00,50
1309920,1-1607533,20.00,15
1587268,1-1607533,20.00,85
1257382,1-1607533,80.00,25
1469641,1-1607533,20.00,62.5
1497388,1-1607533,20.00,37.5
1257380,1-1607533,50.00,25
1497381,1-1607533,50.00,50
714676,1-1607533,80.00,75
1637624,1-1607533,50.00,75
1618035,1-1607533,80.00,50
714525,1-1607383,5.00,50
1497388,1-1607383,20.00,15
1309920,1-1607383,20.00,85
,1-1607383,20.00,40
1469641,1-1607383,20.00,60
714676,1-1607383,60.00,15
,1-1607383,60.00,85
1257380,1-1607383,40.00,35
1414981,1-1607383,40.00,65
1525939,1-1607383,60.00,50
1497383,1-1607383,80.00,50
714525,1-1607527,5.00,50
1497388,1-1607527,20.00,15
1309920,1-1607527,20.00,85
,1-1607527,20.00,40
1469641,1-1607527,20.00,60
714676,1-1607527,60.00,15
1257382,1-1607527,60.00,85
1257380,1-1607527,40.00,35
1497381,1-1607527,40.00,65
1525939,1-1607527,60.00,50
1618035,1-1607527,80.00,50
714525,1-1607509,5.00,50
1497388,1-1607509,20.00,15
1309920,1-1607509,20.00,85
,1-1607509,20.00,40
1469641,1-1607509,20.00,60
1257382,1-1607509,60.00,15
714676,1-1607509,60.00,85
1257380,1-1607509,40.00,35
1414981,1-1607509,40.00,65
1525939,1-1607509,60.00,50
1618035,1-1607509,80.00,50
714525,1-1607494,5.00,50
1497388,1-1607494,20.00,15
1309920,1-1607494,20.00,85
714677,1-1607494,20.00,40
1469641,1-1607494,20.00,60
1257382,1-1607494,60.00,15
714676,1-1607494,60.00,85
1257380,1-1607494,40.00,35
1497381,1-1607494,40.00,65
1414981,1-1607494,60.00,50
1618035,1-1607494,80.00,50
714525,2-31508,5.00,50
1497388,2-31508,20.00,15
1309920,2-31508,20.00,85
714677,2-31508,20.00,40
1469641,2-31508,20.00,60
714676,2-31508,60.00,15
1414979,2-31508,60.00,85
1497381,2-31508,40.00,35
1257380,2-31508,40.00,65
1525939,2-31508,60.00,50
1257382,2-31508,80.00,50
714525,1-1607468,5.00,50
1497388,1-1607468,20.00,15
1309920,1-1607468,20.00,85
714677,1-1607468,20.00,40
1469641,1-1607468,20.00,60
714676,1-1607468,60.00,15
1414979,1-1607468,60.00,85
1414981,1-1607468,40.00,35
1497381,1-1607468,40.00,65
1525939,1-1607468,60.00,50
1618035,1-1607468,80.00,50
714525,1-1607472,5.00,50
1497388,1-1607472,20.00,15
1309920,1-1607472,20.00,85
714677,1-1607472,20.00,40
1469641,1-1607472,20.00,60
714676,1-1607472,60.00,15
1257382,1-1607472,60.00,85
1257380,1-1607472,40.00,35
1497381,1-1607472,40.00,65
1525939,1-1607472,60.00,50
1618035,1-1607472,80.00,50
,2-30895,5.00,50
1497388,2-30895,20.00,15
1587268,2-30895,20.00,85
1469641,2-30895,20.00,40
714677,2-30895,20.00,60
1309920,2-30895,60.00,15
1178000,2-30895,60.00,85
1414981,2-30895,40.00,35
1497381,2-30895,40.00,65
1525939,2-30895,60.00,50
1618035,2-30895,80.00,50
714525,2-31330,5.00,50
1497388,2-31330,20.00,15
1587268,2-31330,20.00,85
714677,2-31330,20.00,40
1469641,2-31330,20.00,60
1309920,2-31330,60.00,15
714676,2-31330,60.00,85
1257380,2-31330,40.00,35
1497381,2-31330,40.00,65
1525939,2-31330,60.00,50
1618035,2-31330,80.00,50
714525,1-1607448,5.00,50
1497388,1-1607448,20.00,15
1309920,1-1607448,20.00,85
714677,1-1607448,20.00,40
1469641,1-1607448,20.00,60
714676,1-1607448,60.00,15
1257382,1-1607448,60.00,85
1257380,1-1607448,40.00,35
1497381,1-1607448,40.00,65
1525939,1-1607448,60.00,50
1618035,1-1607448,80.00,50
714525,1-1607399,5.00,50
1497388,1-1607399,20.00,15
1587268,1-1607399,20.00,85
714677,1-1607399,20.00,40
1469641,1-1607399,20.00,60
714676,1-1607399,60.00,15
,1-1607399,60.00,85
1257380,1-1607399,40.00,35
1497381,1-1607399,40.00,65
1525939,1-1607399,60.00,50
1618035,1-1607399,80.00,50
714525,1-1607436,5.00,50
1497388,1-1607436,20.00,15
1587268,1-1607436,20.00,85
714677,1-1607436,20.00,40
1469641,1-1607436,20.00,60
1257382,1-1607436,60.00,15
714676,1-1607436,60.00,85
1257380,1-1607436,40.00,35
1497381,1-1607436,40.00,65
1525939,1-1607436,60.00,50
1618035,1-1607436,80.00,50
714525,1-1607411,5.00,50
,1-1607411,20.00,15
1587268,1-1607411,20.00,85
1469641,1-1607411,20.00,40
714677,1-1607411,20.00,60
714676,1-1607411,60.00,15
,1-1607411,60.00,85
1497381,1-1607411,40.00,35
1257380,1-1607411,40.00,65
1596880,1-1607411,60.00,50
1618035,1-1607411,80.00,50
,2-30045,5.00,50
1309920,2-30045,20.00,15
1119073,2-30045,20.00,85
1469641,2-30045,20.00,40
1497388,2-30045,20.00,60
1257382,2-30045,60.00,15
1414979,2-30045,60.00,85
1414981,2-30045,40.00,35
714527,2-30045,40.00,65
1525939,2-30045,60.00,50
1497383,2-30045,80.00,50
714525,2-30872,5.00,50
,2-30872,20.00,15
1587268,2-30872,20.00,85
1469641,2-30872,20.00,40
714677,2-30872,20.00,60
714676,2-30872,60.00,15
1414979,2-30872,60.00,85
1497381,2-30872,40.00,35
1257380,2-30872,40.00,65
1525939,2-30872,60.00,50
1618035,2-30872,80.00,50
714525,1-1607257,5.00,50
,1-1607257,20.00,15
1587268,1-1607257,20.00,85
1469641,1-1607257,20.00,40
714677,1-1607257,20.00,60
714676,1-1607257,60.00,15
,1-1607257,60.00,85
1497381,1-1607257,40.00,35
1414981,1-1607257,40.00,65
1596880,1-1607257,60.00,50
1618035,1-1607257,80.00,50
714525,2-30489,5.00,50
1497388,2-30489,20.00,15
1587268,2-30489,20.00,85
,2-30489,20.00,40
714677,2-30489,20.00,60
1525939,2-30489,60.00,15
1414979,2-30489,60.00,85
1497381,2-30489,40.00,35
1414981,2-30489,40.00,65
1596880,2-30489,60.00,50
1257382,2-30489,80.00,50
,2-28842,5.00,50
1309920,2-28842,20.00,15
,2-28842,20.00,85
1497388,2-28842,20.00,40
714677,2-28842,20.00,60
1178000,2-28842,60.00,15
1414979,2-28842,60.00,85
1414981,2-28842,40.00,35
1525885,2-28842,40.00,65
714527,2-28842,60.00,50
1257382,2-28842,80.00,50
714525,1-1607385,5.00,50
,1-1607385,20.00,15
1587268,1-1607385,20.00,85
1469641,1-1607385,20.00,40
714677,1-1607385,20.00,60
714676,1-1607385,60.00,15
,1-1607385,60.00,85
1497381,1-1607385,40.00,35
1257380,1-1607385,40.00,65
1596880,1-1607385,60.00,50
1618035,1-1607385,80.00,50
714525,1-1607362,5.00,50
,1-1607362,20.00,15
1587268,1-1607362,20.00,85
714677,1-1607362,20.00,40
1469641,1-1607362,20.00,60
714676,1-1607362,60.00,15
,1-1607362,60.00,85
1497381,1-1607362,40.00,35
1257380,1-1607362,40.00,65
1596880,1-1607362,60.00,50
1525942,1-1607362,80.00,50
714525,2-29398,5.00,50
,2-29398,20.00,15
1587268,2-29398,20.00,85
1469641,2-29398,20.00,40
714677,2-29398,20.00,60
1525939,2-29398,60.00,15
714676,2-29398,60.00,85
1497381,2-29398,40.00,35
1309920,2-29398,40.00,65
1414981,2-29398,60.00,50
1525942,2-29398,80.00,50
714525,1-1607305,5.00,50
,1-1607305,20.00,15
1587268,1-1607305,20.00,85
1469641,1-1607305,20.00,40
714677,1-1607305,20.00,60
1596880,1-1607305,60.00,15
,1-1607305,60.00,85
1497381,1-1607305,40.00,35
1257380,1-1607305,40.00,65
1525939,1-1607305,60.00,50
1497383,1-1607305,80.00,50
714525,1-1607350,5.00,50
,1-1607350,20.00,15
1587268,1-1607350,20.00,85
1469641,1-1607350,20.00,40
714677,1-1607350,20.00,60
714676,1-1607350,60.00,15
,1-1607350,60.00,85
1497381,1-1607350,40.00,35
1257380,1-1607350,40.00,65
1596880,1-1607350,60.00,50
1525942,1-1607350,80.00,50
714525,1-1607329,5.00,50
1469641,1-1607329,20.00,15
1587268,1-1607329,20.00,85
714677,1-1607329,20.00,40
,1-1607329,20.00,60
1309920,1-1607329,60.00,15
,1-1607329,60.00,85
1497381,1-1607329,40.00,35
1257380,1-1607329,40.00,65
1596880,1-1607329,60.00,50
1525942,1-1607329,80.00,50
,2-28424,5.00,50
1567062,2-28424,20.00,15
1587268,2-28424,20.00,85
1469641,2-28424,20.00,40
1497388,2-28424,20.00,60
1537137,2-28424,60.00,15
,2-28424,60.00,85
1309920,2-28424,40.00,35
1497381,2-28424,40.00,65
1525885,2-28424,60.00,50
1497383,2-28424,80.00,50
714525,1-1607291,5.00,50
1497388,1-1607291,25.00,10
1587268,1-1607291,25.00,90
,1-1607291,25.00,65
714677,1-1607291,25.00,35
1497381,1-1607291,50.00,20
1257380,1-1607291,50.00,50
1596880,1-1607291,50.00,80
1525939,1-1607291,70.00,35
,1-1607291,70.00,65
1497383,1-1607291,90.00,50
714525,1-1607340,5.00,50
,1-1607340,20.00,15
1587268,1-1607340,20.00,85
1469641,1-1607340,20.00,40
714677,1-1607340,20.00,60
1309920,1-1607340,60.00,15
,1-1607340,60.00,85
1497381,1-1607340,40.00,35
1257380,1-1607340,40.00,65
1596880,1-1607340,60.00,50
1497383,1-1607340,80.00,50
714525,1-1607317,5.00,50
1497388,1-1607317,20.00,15
1587268,1-1607317,20.00,85
,1-1607317,20.00,40
714677,1-1607317,20.00,60
1525939,1-1607317,60.00,15
1309920,1-1607317,60.00,85
1497381,1-1607317,40.00,35
1257380,1-1607317,40.00,65
1596880,1-1607317,60.00,50
1525942,1-1607317,80.00,50
714525,1-1607281,5.00,50
1497388,1-1607281,20.00,15
1587268,1-1607281,20.00,85
,1-1607281,20.00,40
714677,1-1607281,20.00,60
1309920,1-1607281,60.00,15
,1-1607281,60.00,85
1497381,1-1607281,40.00,35
1257380,1-1607281,40.00,65
1525939,1-1607281,60.00,50
1497383,1-1607281,80.00,50
714525,2-28918,5.00,50
1497388,2-28918,20.00,15
1469641,2-28918,20.00,85
,2-28918,20.00,40
714677,2-28918,20.00,60
1309920,2-28918,60.00,15
,2-28918,60.00,85
1497381,2-28918,40.00,35
1257380,2-28918,40.00,65
714527,2-28918,60.00,50
1525939,2-28918,80.00,50
714525,2-28289,5.00,50
1469641,2-28289,20.00,15
1309920,2-28289,20.00,85
1497388,2-28289,20.00,40
714677,2-28289,20.00,60
714676,2-28289,60.00,15
,2-28289,60.00,85
714527,2-28289,40.00,35
1257380,2-28289,40.00,65
1497402,2-28289,60.00,50
1525942,2-28289,80.00,50
714525,1-1607230,5.00,50
1309920,1-1607230,20.00,15
714677,1-1607230,20.00,85
1469641,1-1607230,20.00,40
1497388,1-1607230,20.00,60
1257382,1-1607230,60.00,15
,1-1607230,60.00,85
714525,1-1607271,5.00,50
1469641,1-1607271,20.00,15
1587268,1-1607271,20.00,85
714677,1-1607271,20.00,40
,1-1607271,20.00,60
,1-1607271,60.00,15
1309920,1-1607271,60.00,85
1257380,1-1607271,40.00,35
1497381,1-1607271,40.00,65
714527,1-1607271,60.00,50
1525939,1-1607271,80.00,50
1497381,1-1607230,40.00,35
1257380,1-1607230,40.00,65
714527,1-1607230,60.00,50
1525939,1-1607230,80.00,50
714525,1-1607245,5.00,50
,1-1607245,20.00,15
1309920,1-1607245,20.00,85
1469641,1-1607245,20.00,40
714677,1-1607245,20.00,60
1525939,1-1607245,60.00,15
,1-1607245,60.00,85
1257380,1-1607245,40.00,35
1497381,1-1607245,40.00,65
714527,1-1607245,60.00,50
1525942,1-1607245,80.00,50
714525,1-1607221,5.00,50
1469641,1-1607221,20.00,15
1309920,1-1607221,20.00,85
1497388,1-1607221,20.00,40
714677,1-1607221,20.00,60
714676,1-1607221,60.00,15
,1-1607221,60.00,85
1497381,1-1607221,40.00,35
1257380,1-1607221,40.00,65
714527,1-1607221,60.00,50
1497383,1-1607221,80.00,50
714525,1-1607208,5.00,50
1309920,1-1607208,20.00,15
714677,1-1607208,20.00,85
714676,1-1607208,80.00,25
1469641,1-1607208,20.00,62.5
1497388,1-1607208,20.00,37.5
1257380,1-1607208,50.00,25
714527,1-1607208,50.00,50
1497402,1-1607208,80.00,75
1497381,1-1607208,50.00,75
1497383,1-1607208,80.00,50
714525,1-1607184,5.00,50
1497388,1-1607184,20.00,15
714677,1-1607184,20.00,85
1469641,1-1607184,20.00,40
,1-1607184,20.00,60
1414979,1-1607184,60.00,15
714676,1-1607184,60.00,85
1497381,1-1607184,40.00,35
1257380,1-1607184,40.00,65
1309920,1-1607184,60.00,50
1497383,1-1607184,80.00,50
714525,1-1607198,5.00,50
1497388,1-1607198,20.00,15
714677,1-1607198,20.00,85
,1-1607198,20.00,40
1469641,1-1607198,20.00,60
714676,1-1607198,60.00,15
714527,1-1607198,60.00,85
1497381,1-1607198,40.00,35
1257380,1-1607198,40.00,65
1309920,1-1607198,60.00,50
1497383,1-1607198,80.00,50
714525,2-27743,5.00,50
1537137,2-27743,20.00,15
714677,2-27743,20.00,85
1497388,2-27743,20.00,40
1119073,2-27743,20.00,60
913621,2-27743,60.00,15
1414979,2-27743,60.00,85
1309920,2-27743,40.00,35
1414981,2-27743,40.00,65
1497402,2-27743,60.00,50
1525942,2-27743,80.00,50
714525,1-1607179,5.00,50
,1-1607179,20.00,15
1119073,1-1607179,20.00,85
1469641,1-1607179,20.00,40
714677,1-1607179,20.00,60
1414979,1-1607179,60.00,15
714676,1-1607179,60.00,85
1497381,1-1607179,40.00,35
1257380,1-1607179,40.00,65
1309920,1-1607179,60.00,50
1497383,1-1607179,80.00,50
714525,1-1607151,5.00,50
1497388,1-1607151,20.00,15
714677,1-1607151,20.00,85
,1-1607151,20.00,40
1469641,1-1607151,20.00,60
1414979,1-1607151,60.00,15
714676,1-1607151,60.00,85
1257380,1-1607151,40.00,35
1497381,1-1607151,40.00,65
1525939,1-1607151,60.00,50
1497383,1-1607151,80.00,50
714525,1-1607140,5.00,50
1497388,1-1607140,20.00,15
714677,1-1607140,20.00,85
,1-1607140,20.00,40
1469641,1-1607140,20.00,60
1309920,1-1607140,60.00,15
714676,1-1607140,60.00,85
1257380,1-1607140,40.00,35
1497381,1-1607140,40.00,65
1525939,1-1607140,60.00,50
1525942,1-1607140,80.00,50
714525,1-1607122,5.00,50
1497388,1-1607122,20.00,15
714677,1-1607122,20.00,85
,1-1607122,20.00,40
1469641,1-1607122,20.00,60
1309920,1-1607122,60.00,15
714676,1-1607122,60.00,85
1257380,1-1607122,40.00,35
1497381,1-1607122,40.00,65
1525939,1-1607122,60.00,50
1525942,1-1607122,80.00,50
714525,1-1607158,5.00,50
1497388,1-1607158,20.00,15
714677,1-1607158,20.00,85
,1-1607158,20.00,40
1469641,1-1607158,20.00,60
1414979,1-1607158,60.00,15
714676,1-1607158,60.00,85
1497381,1-1607158,40.00,35
1257380,1-1607158,40.00,65
1525939,1-1607158,60.00,50
1525942,1-1607158,80.00,50
714525,2-25858,5.00,50
1309920,2-25858,20.00,15
1372514,2-25858,20.00,85
1469641,2-25858,20.00,40
714677,2-25858,20.00,60
714676,2-25858,60.00,15
1414979,2-25858,60.00,85
1414981,2-25858,40.00,35
714680,2-25858,40.00,65
714527,2-25858,60.00,50
1006533,2-25858,80.00,50
714525,1-1008905,5.00,50
1309920,1-1008905,20.00,15
1372514,1-1008905,20.00,85
1469641,1-1008905,20.00,40
714677,1-1008905,20.00,60
714676,1-1008905,60.00,15
1429481,1-1008905,60.00,85
1414981,1-1008905,40.00,35
714680,1-1008905,40.00,65
714527,1-1008905,60.00,50
1006533,1-1008905,80.00,50
714525,1-1008885,5.00,50
1309920,1-1008885,20.00,15
1372514,1-1008885,20.00,85
714676,1-1008885,80.00,25
1469641,1-1008885,20.00,62.5
714677,1-1008885,20.00,37.5
1414981,1-1008885,50.00,25
714680,1-1008885,50.00,50
1429481,1-1008885,80.00,75
1257380,1-1008885,50.00,75
1006533,1-1008885,80.00,50
714525,1-1008862,5.00,50
1309920,1-1008862,20.00,15
1372514,1-1008862,20.00,85
1414979,1-1008862,80.00,25
1469641,1-1008862,20.00,62.5
714677,1-1008862,20.00,37.5
1414981,1-1008862,50.00,25
714680,1-1008862,50.00,50
1429481,1-1008862,80.00,75
714525,1-1008875,5.00,50
1257376,1-1008875,20.00,15
1309920,1-1008875,20.00,85
1414979,1-1008875,80.00,25
1469641,1-1008875,20.00,62.5
714677,1-1008875,20.00,37.5
1414981,1-1008875,50.00,25
714680,1-1008875,50.00,50
1429481,1-1008875,80.00,75
1257380,1-1008875,50.00,75
1006533,1-1008875,80.00,50
1257380,1-1008862,50.00,75
1006533,1-1008862,80.00,50
714525,1-1008858,5.00,50
1427216,1-1008858,20.00,15
714677,1-1008858,20.00,85
1257373,1-1008858,20.00,40
1469641,1-1008858,20.00,60
714680,1-1008858,60.00,15
714678,1-1008858,60.00,85
1309920,1-1008858,40.00,35
1257380,1-1008858,40.00,65
714527,1-1008858,60.00,50
1006533,1-1008858,80.00,50
714525,1-1008846,5.00,50
714525,1-1008824,5.00,50
1427216,1-1008824,20.00,15
1372514,1-1008824,20.00,85
1257373,1-1008824,20.00,40
714677,1-1008824,20.00,60
714676,1-1008824,60.00,15
1414979,1-1008824,60.00,85
1309920,1-1008824,40.00,35
1257380,1-1008824,40.00,65
714527,1-1008824,60.00,50
1459533,1-1008824,80.00,50
1427216,1-1008846,20.00,15
1372514,1-1008846,20.00,85
714676,1-1008846,80.00,25
1469641,1-1008846,20.00,62.5
714677,1-1008846,20.00,37.5
1309920,1-1008846,50.00,25
1257380,1-1008846,50.00,50
1429481,1-1008846,80.00,75
714680,1-1008846,50.00,75
1459533,1-1008846,80.00,50
714525,1-1008787,5.00,50
1427216,1-1008787,20.00,15
1372514,1-1008787,20.00,85
1257373,1-1008787,20.00,40
714677,1-1008787,20.00,60
1429481,1-1008787,60.00,15
714676,1-1008787,60.00,85
1414981,1-1008787,40.00,35
1257380,1-1008787,40.00,65
1309920,1-1008787,60.00,50
1454889,1-1008787,80.00,50
714525,1-1008698,5.00,50
1427216,1-1008698,20.00,15
1372514,1-1008698,20.00,85
1257373,1-1008698,20.00,40
714677,1-1008698,20.00,60
1429481,1-1008698,60.00,15
1445358,1-1008698,60.00,85
1257380,1-1008698,40.00,35
1414981,1-1008698,40.00,65
714678,1-1008698,60.00,50
1006533,1-1008698,80.00,50
714525,1-1008753,5.00,50
1427216,1-1008753,20.00,15
1372514,1-1008753,20.00,85
714677,1-1008753,20.00,40
1257373,1-1008753,20.00,60
1429481,1-1008753,60.00,15
1414979,1-1008753,60.00,85
1257380,1-1008753,40.00,35
1414981,1-1008753,40.00,65
714680,1-1008753,60.00,50
1445358,1-1008753,80.00,50
714525,1-1008764,5.00,50
714677,1-1008764,20.00,15
1372514,1-1008764,20.00,85
1257376,1-1008764,20.00,40
1257373,1-1008764,20.00,60
714678,1-1008764,60.00,15
714527,1-1008764,60.00,85
1429481,1-1008764,40.00,35
714680,1-1008764,40.00,65
1445358,1-1008764,60.00,50
1006533,1-1008764,80.00,50
714525,1-1008742,5.00,50
1427216,1-1008742,20.00,15
1372514,1-1008742,20.00,85
714677,1-1008742,20.00,40
1257373,1-1008742,20.00,60
1429481,1-1008742,60.00,15
714676,1-1008742,60.00,85
1257380,1-1008742,40.00,35
1414981,1-1008742,40.00,65
714680,1-1008742,60.00,50
1445358,1-1008742,80.00,50
714525,1-1008731,5.00,50
1427216,1-1008731,20.00,15
1372514,1-1008731,20.00,85
1257373,1-1008731,20.00,40
714677,1-1008731,20.00,60
1429481,1-1008731,60.00,15
714676,1-1008731,60.00,85
1414981,1-1008731,40.00,35
1257380,1-1008731,40.00,65
714678,1-1008731,60.00,50
1006533,1-1008731,80.00,50
714525,1-1008669,5.00,50
1427216,1-1008669,20.00,15
1372514,1-1008669,20.00,85
714677,1-1008669,20.00,40
714676,1-1008669,20.00,60
1429481,1-1008669,60.00,15
1257373,1-1008669,60.00,85
1257380,1-1008669,40.00,35
1414981,1-1008669,40.00,65
714680,1-1008669,60.00,50
1445358,1-1008669,80.00,50
714525,1-1008706,5.00,50
1427216,1-1008706,20.00,15
1372514,1-1008706,20.00,85
1257373,1-1008706,20.00,40
714677,1-1008706,20.00,60
1429481,1-1008706,60.00,15
714676,1-1008706,60.00,85
1257380,1-1008706,40.00,35
1414981,1-1008706,40.00,65
714525,1-1008722,5.00,50
1427216,1-1008722,20.00,15
1372514,1-1008722,20.00,85
1257373,1-1008722,20.00,40
714677,1-1008722,20.00,60
1429481,1-1008722,60.00,15
714676,1-1008722,60.00,85
1414981,1-1008722,40.00,35
1257380,1-1008722,40.00,65
714680,1-1008722,60.00,50
1006533,1-1008722,80.00,50
714525,1-1008646,5.00,50
1309920,1-1008646,20.00,15
1372514,1-1008646,20.00,85
1257373,1-1008646,20.00,40
714677,1-1008646,20.00,60
1429481,1-1008646,60.00,15
714676,1-1008646,60.00,85
1414981,1-1008646,40.00,35
1257380,1-1008646,40.00,65
714680,1-1008646,60.00,50
1006533,1-1008646,80.00,50
714680,1-1008706,60.00,50
1006533,1-1008706,80.00,50
714525,1-1008682,5.00,50
1427216,1-1008682,20.00,15
1372514,1-1008682,20.00,85
1429481,1-1008682,80.00,25
1257373,1-1008682,20.00,62.5
714677,1-1008682,20.00,37.5
1257380,1-1008682,50.00,25
714680,1-1008682,50.00,50
714676,1-1008682,80.00,75
1414981,1-1008682,50.00,75
1006533,1-1008682,80.00,50
714525,1-1008597,5.00,50
1427216,1-1008597,20.00,15
1372514,1-1008597,20.00,85
1257380,1-1008597,60.00,50
714677,1-1008597,20.00,62.5
1257373,1-1008597,20.00,37.5
714676,1-1008597,50.00,27.5
714527,1-1008597,40.00,50
1309920,1-1008597,75.00,65
1414981,1-1008597,50.00,72.5
1414985,1-1008597,75.00,40
714525,1-1008658,5.00,50
1427216,1-1008658,20.00,15
1372514,1-1008658,20.00,85
1257373,1-1008658,20.00,40
714677,1-1008658,20.00,60
1429481,1-1008658,60.00,15
714676,1-1008658,60.00,85
714527,1-1008658,40.00,35
1414981,1-1008658,40.00,65
714680,1-1008658,60.00,50
1414985,1-1008658,80.00,50
714525,1-1008622,5.00,50
1309920,1-1008622,20.00,15
1372514,1-1008622,20.00,85
1414981,1-1008622,60.00,50
1257376,1-1008622,20.00,62.5
714677,1-1008622,20.00,37.5
714678,1-1008622,50.00,27.5
714527,1-1008622,40.00,50
1414985,1-1008622,75.00,65
714680,1-1008622,50.00,72.5
714676,1-1008622,75.00,40
,1-1008515,5.00,50
1309920,1-1008515,20.00,15
1372514,1-1008515,20.00,85
714676,1-1008515,80.00,25
1257373,1-1008515,20.00,62.5
714677,1-1008515,20.00,37.5
714678,1-1008515,50.00,25
1414981,1-1008515,50.00,50
714680,1-1008515,80.00,75
1257380,1-1008515,50.00,75
1414985,1-1008515,80.00,50
,1-1008612,5.00,50
1309920,1-1008612,20.00,15
1372514,1-1008612,20.00,85
714676,1-1008612,80.00,25
1257373,1-1008612,20.00,62.5
714677,1-1008612,20.00,37.5
1414981,1-1008612,50.00,25
1257380,1-1008612,50.00,50
714680,1-1008612,80.00,75
714678,1-1008612,50.00,75
1414985,1-1008612,80.00,50
714525,0-2740417,5.00,50
1309920,0-2740417,20.00,15
1372514,0-2740417,20.00,85
714676,0-2740417,80.00,25
1257373,0-2740417,20.00,62.5
714677,0-2740417,20.00,37.5
1257380,0-2740417,50.00,25
1382641,0-2740417,50.00,50
1414979,0-2740417,80.00,75
714680,0-2740417,50.00,75
1324096,0-2740417,80.00,50
1405975,2-22210,5.00,50
1309920,2-22210,20.00,15
1372514,2-22210,20.00,85
1257382,2-22210,80.00,25
1257373,2-22210,20.00,62.5
714677,2-22210,20.00,37.5
714678,2-22210,50.00,25
1257380,2-22210,50.00,50
714676,2-22210,80.00,75
714680,2-22210,50.00,75
1372515,2-22210,80.00,50
,1-1008573,5.00,50
1309920,1-1008573,20.00,15
1372514,1-1008573,20.00,85
1372515,1-1008573,80.00,25
1257373,1-1008573,20.00,62.5
714677,1-1008573,20.00,37.5
714678,1-1008573,50.00,25
1257380,1-1008573,50.00,50
714676,1-1008573,80.00,75
714680,1-1008573,50.00,75
1324096,1-1008573,80.00,50
,1-1008549,5.00,50
1309920,1-1008549,20.00,15
1372514,1-1008549,20.00,85
714676,1-1008549,80.00,25
1257373,1-1008549,20.00,62.5
714677,1-1008549,20.00,37.5
714680,1-1008549,50.00,25
1257380,1-1008549,50.00,50
1324096,1-1008549,80.00,75
714678,1-1008549,50.00,75
1372515,1-1008549,80.00,50
714525,1-1008474,5.00,50
1257376,1-1008474,20.00,15
714678,1-1008474,20.00,85
714527,1-1008474,80.00,25
714668,1-1008474,20.00,62.5
714677,1-1008474,20.00,37.5
714680,1-1008474,50.00,25
1257380,1-1008474,50.00,50
1257382,1-1008474,80.00,75
1309920,1-1008474,50.00,75
1324096,1-1008474,80.00,50
1288936,1-1008427,5.00,50
1257376,1-1008427,20.00,15
714668,1-1008427,20.00,85
1257380,1-1008427,50.00,62.5
714677,1-1008427,20.00,62.5
1257373,1-1008427,20.00,37.5
714680,1-1008427,50.00,15
1309920,1-1008427,50.00,37.5
1324096,1-1008427,75.00,62.5
1310037,1-1008427,75.00,37.5
1309919,1-1008427,50.00,85
714525,1-1008406,5.00,50
1257376,1-1008406,20.00,15
1309919,1-1008406,20.00,85
714676,1-1008406,80.00,25
714677,1-1008406,20.00,62.5
1257373,1-1008406,20.00,37.5
1309920,1-1008406,50.00,25
1257380,1-1008406,50.00,50
1257382,1-1008406,80.00,75
714680,1-1008406,50.00,75
1309918,1-1008406,80.00,50
714525,1-1008395,5.00,50
1257376,1-1008395,20.00,15
1309919,1-1008395,20.00,85
714527,1-1008395,80.00,25
714677,1-1008395,20.00,62.5
1257373,1-1008395,20.00,37.5
1257380,1-1008395,50.00,25
714680,1-1008395,50.00,50
1257382,1-1008395,80.00,75
714676,1-1008395,50.00,75
1309918,1-1008395,80.00,50
714525,1-1008358,5.00,50
1257376,1-1008358,20.00,15
1309919,1-1008358,20.00,85
913621,1-1008358,80.00,25
714677,1-1008358,20.00,62.5
1257373,1-1008358,20.00,37.5
1257380,1-1008358,50.00,25
714678,1-1008358,50.00,50
1309918,1-1008358,80.00,75
714527,1-1008358,50.00,75
714676,1-1008358,80.00,50
714525,1-795202,5.00,50
,1-795202,20.00,15
,1-795202,20.00,85
,1-795202,50.00,62.5
,1-795202,20.00,62.5
,1-795202,20.00,37.5
,1-795202,50.00,15
,1-795202,50.00,37.5
,1-795202,75.00,62.5
,1-795202,75.00,37.5
,1-795202,50.00,85
